object_id	count	occurrence
0	1021	382
1	3631	1008
2	280	148
3	43622	5122
4	706	338
5	90386	7305
6	27185	3718
7	629	244
8	7527	1831
9	79414	7924
10	88191	6965
11	45583	3770
12	37971	2994
13	118071	7303
14	98369	6847
15	77710	6169
16	57232	5304
17	76157	6664
18	31412	2777
19	8643	1522
20	57692	7851
21	39879	5884
22	9241	2547
23	8434	2549
24	47083	7187
25	92043	10628
26	100207	12110
27	55089	7784
28	177948	14722
29	101452	7374
30	177681	10077
31	25399	3129
32	159133	10328
33	113916	8921
34	111335	8646
35	15747	3767
36	6084	1757
37	3781	1269
38	46149	8696
39	60793	7393
40	53463	8564
41	28707	5004
42	17480	3408
43	46015	8735
44	75141	9612
45	77116	8666
46	68527	10338
47	3295	1060
48	60771	11040
49	37802	7562
50	7644	2183
51	59953	8266
52	12429	2821
53	48601	6566
54	106579	7493
55	78925	8662
56	73237	9922
57	56764	8160
58	11585	2921
59	34086	5163
60	11299	3085
61	10721	2985
62	32937	6614
63	96092	9790
64	79916	8536
65	58374	8753
66	12624	2603
67	13916	3357
68	24958	3877
69	78542	8932
70	93960	8037
71	9296	2353
72	57997	7885
73	73470	7237
74	79884	8116
75	31578	5753
76	34979	6877
77	42026	7433
78	56907	6804
79	14113	3037
80	103348	10434
81	102254	10047
82	9015	2440
83	30460	6223
84	31366	5951
85	79462	8719
86	17645	2671
87	18193	2777
88	24146	3395
89	12020	3165
90	66636	6580
91	36715	4780
92	93401	5493
93	111925	6366
94	139107	6978
95	80941	7806
96	97963	5778
97	27598	3891
98	98249	5317
99	105363	10129
100	14529	2076
101	98327	5500
102	36867	6821
103	99906	6046
104	119928	10055
105	58108	7231
106	99372	5604
107	99155	5205
108	14869	2782
109	125253	6175
110	85439	8951
111	103058	5443
112	112006	5849
113	15814	2452
114	12174	1937
115	71174	5031
116	74555	4564
117	11322	2061
118	99702	7654
119	220086	8262
120	199826	10875
121	318377	10415
122	206537	9532
123	71387	4375
124	219100	9796
125	78256	4796
126	210392	9540
127	8128	1598
128	40952	3971
129	344826	10841
130	19138	2894
131	212778	8161
132	10030	1933
133	209931	8708
134	75550	4424
135	12932	2039
136	179526	8834
137	140303	6514
138	122071	9821
139	124931	9017
140	71509	4685
141	210288	8343
142	142433	6740
143	10003	1734
144	212565	8191
145	9371	1949
146	76486	4801
147	142719	9446
148	141904	9009
149	311781	10164
150	264533	9454
151	263057	10236
152	143994	6923
153	213824	8921
154	8836	1573
155	71280	4869
156	64970	7478
157	209511	8430
158	155831	6563
159	224853	10248
160	8867	1607
161	208314	7934
162	12243	1807
163	225201	8705
164	271412	9872
165	69032	5386
166	70268	4443
167	10152	1586
168	181737	9328
169	150971	7411
170	347536	10449
171	171102	8768
172	11910	1883
173	9320	1565
174	7699	1528
175	11610	1695
176	284514	10080
177	8073	1873
178	259398	9436
179	70608	6025
180	215853	11155
181	210395	8472
182	72630	6865
183	354182	11166
184	21107	4113
185	109426	8052
186	87159	6995
187	65314	6690
188	124418	8695
189	64275	6696
190	90773	7953
191	97621	8430
192	114840	8866
193	84354	7893
194	80661	6986
195	128998	8568
196	76229	6929
197	93107	8075
198	70645	6253
199	85165	7220
200	86940	7679
201	24400	3174
202	522	225
203	28697	3550
204	262	118
205	2942	760
206	1189	414
207	979	399
208	1199	486
209	1326	469
210	1335	524
211	845	347
212	4956	1220
213	1384	464
214	1320	513
215	2668	759
216	1284	454
217	1399	467
218	760	312
219	1049	384
220	2996	753
221	84741	7917
222	160569	11445
223	22302	3456
224	172597	10273
225	143375	9110
226	8586	2121
227	44262	5716
228	151602	10389
229	45959	6598
230	158982	11418
231	163536	11759
232	19712	3883
233	25834	4058
234	33669	5343
235	113313	9762
236	160926	9741
237	193585	12888
238	75023	7691
239	66217	6684
240	72300	7047
241	90270	7889
242	71456	5675
243	70884	4873
244	22295	3136
245	53642	5776
246	89387	5380
247	38108	4995
248	70609	7100
249	43143	3061
250	160870	9334
251	57791	6230
252	90143	6618
253	129082	8662
254	56033	5624
255	105338	7394
256	7496	2242
257	58032	6870
258	28560	4410
259	28574	4874
260	55285	7210
261	55069	6638
262	35894	5519
263	48206	6121
264	41422	5957
265	51527	6070
266	53907	7327
267	56261	8486
268	33558	6149
269	55322	7166
270	25027	4296
271	1650	683
272	57315	8148
273	13278	3492
274	310	203
275	15989	3458
276	12070	2742
277	61854	7073
278	137328	11065
279	153905	11977
280	3059	764
281	39652	5295
282	37932	5273
283	25410	4235
284	16949	4058
285	42471	5734
286	53428	6899
287	39871	6385
288	30539	5483
289	44631	6140
290	62512	7654
291	57499	7391
292	7787	1942
293	120537	12121
294	33257	4851
295	59865	7918
296	50316	6415
297	66170	8029
298	61815	7885
299	5099	1651
300	19151	3548
301	33361	5125
302	63558	8010
303	72467	7934
304	49627	7050
305	131088	13293
306	6394	1876
307	37475	6183
308	65345	6655
309	42398	6341
310	78983	8454
311	34129	4262
312	64086	8352
313	19617	4652
314	130976	5282
315	213686	12156
316	87425	5200
317	135810	6049
318	155846	5324
319	155653	6908
320	208774	8851
321	156487	6945
322	22630	3529
323	305930	13734
324	132043	9810
325	157652	10458
326	102932	4347
327	149193	4917
328	106095	7486
329	59725	4595
330	51857	3514
331	195638	10050
332	198181	10742
333	58170	4529
334	163986	9337
335	29539	4401
336	12435	2285
337	137384	9788
338	104031	10409
339	256814	12969
340	357746	15150
341	3927	1260
342	19038	2750
343	359050	14160
344	12054	2077
345	358939	15227
346	11122	2292
347	5161	1314
348	186607	10901
349	104046	8854
350	13361	2506
351	8693	1786
352	340424	15518
353	341593	14944
354	46190	6115
355	23909	4447
356	12425	2253
357	14458	2423
358	31173	5419
359	19583	3359
360	326304	14797
361	159802	10287
362	328633	15140
363	73374	8818
364	92810	10276
365	256713	17129
366	19115	3603
367	17692	3597
368	21164	3658
369	19562	3745
370	78048	7877
371	11127	2767
372	29942	4231
373	30780	4410
374	32640	4383
375	34148	4356
376	13893	2782
377	7021	1537
378	40726	5695
379	137494	10624
380	135287	9706
381	78750	8239
382	3849	942
383	96455	9584
384	218803	12128
385	19667	2724
386	304438	15047
387	11376	2897
388	10148	2269
389	3275	963
390	144947	13476
391	12939	2159
392	21187	3688
393	4539	1132
394	9871	2155
395	38397	5278
396	117433	6687
397	27953	4964
398	154611	13001
399	41533	4911
400	15169	2591
401	57571	4643
402	17301	3361
403	45018	6774
404	99649	9750
405	166899	10845
406	45793	6765
407	169071	12031
408	35176	5999
409	91304	9791
410	74724	5497
411	25456	2738
412	17850	2792
413	21193	4102
414	73611	9317
415	66294	7100
416	49444	5839
417	86348	4897
418	160408	6337
419	35111	5208
420	29054	4843
421	88932	4585
422	56661	4197
423	91597	8548
424	48272	4247
425	98458	10007
426	50100	7401
427	57892	4986
428	69158	6045
429	44105	4696
430	88729	5212
431	73600	5358
432	69007	4347
433	116118	9804
434	112040	8960
435	91897	6170
436	254564	15043
437	6764	1590
438	97534	9517
439	188432	12683
440	219399	14987
441	89381	9661
442	196505	14605
443	101928	9750
444	58440	7211
445	133027	10171
446	73513	6102
447	75278	6408
448	123239	8812
449	189652	12527
450	104441	9626
451	64241	5374
452	117434	9837
453	121813	9241
454	67551	5193
455	62131	6962
456	237046	10990
457	88329	6783
458	30356	4806
459	282964	14682
460	47347	8031
461	32106	3880
462	287937	13145
463	14338	2464
464	105349	9212
465	227028	12773
466	77359	7514
467	58775	7398
468	100911	8609
469	118432	8850
470	16301	3199
471	134272	10992
472	86596	6480
473	25607	3113
474	131497	9113
475	73271	6749
476	115050	10116
477	107697	9556
478	56762	5961
479	182500	12232
480	63294	6062
481	183093	11088
482	300020	12729
483	109912	9832
484	235931	10545
485	46829	5536
486	58163	5922
487	41169	4645
488	91596	8290
489	27385	3740
490	207217	12152
491	66881	7418
492	61320	5340
493	162408	10635
494	182705	11453
495	130851	7546
496	101115	7729
497	213828	11722
498	69663	7651
499	64624	6187
500	168452	11163
501	55257	4446
502	62919	5919
503	114469	8844
504	12237	2719
505	3012	1089
506	65173	6484
507	63911	6354
508	15826	3015
509	7633	2139
510	78014	8353
511	162175	9479
512	138058	10351
513	9135	1830
514	187683	11130
515	71512	6927
516	123404	11468
517	2954	1015
518	23488	2836
519	57505	6618
520	5891	1360
521	182844	11223
522	94582	5704
523	118876	5849
524	5712	1264
525	16496	3370
526	5990	1283
527	10451	2383
528	8972	1560
529	15629	2184
530	49283	4914
531	14286	1920
532	8614	1617
533	14189	2599
534	12995	2683
535	10395	2118
536	7484	1767
537	41582	4698
538	91274	6233
539	28379	3891
540	107334	6285
541	80803	7334
542	17109	3121
543	10035	1682
544	4850	1397
545	123658	6815
546	63809	6317
547	163532	6565
548	138214	5814
549	100577	5893
550	129212	8530
551	81584	7786
552	12964	2550
553	29549	2851
554	6273	1446
555	121182	6250
556	235475	8520
557	124476	6329
558	119723	7686
559	113842	5995
560	11156	2712
561	39452	4533
562	61114	8136
563	43456	5675
564	2349	796
565	7210	2040
566	2439	852
567	1096	442
568	91294	9391
569	96748	10261
570	100782	9005
571	80528	9906
572	74107	9918
573	67585	6508
574	49977	5452
575	75069	6456
576	36140	4443
577	58160	5912
578	66530	6370
579	86202	7352
580	97548	7294
581	109940	7652
582	64168	5988
583	89396	6851
584	49761	5000
585	83188	6891
586	37627	4763
587	38108	4942
588	93602	6945
589	57999	5696
590	123905	9191
591	41579	5223
592	65656	6325
593	38939	4746
594	90070	7254
595	95286	7503
596	47541	5311
597	57566	5746
598	32392	4780
599	162282	12058
600	153539	10158
601	164246	9999
602	162672	11356
603	134344	9568
604	144585	10675
605	116328	8958
606	131935	9800
607	135826	7285
608	139878	7813
609	134048	7410
610	128146	7603
611	132656	8198
612	47024	5293
613	74633	5887
614	75563	6347
615	74714	6374
616	72459	5785
617	88201	6646
618	93069	6972
619	62627	5321
620	64203	5427
621	34640	4196
622	85544	5745
623	63039	6359
624	77284	5342
625	93585	6815
626	78223	6417
627	112165	7372
628	79729	7310
629	118908	7918
630	75278	5755
631	79948	5976
632	99137	7360
633	73679	6078
634	75064	6161
635	64004	6214
636	62695	5893
637	66845	5858
638	72282	6121
639	73272	6633
640	74057	5634
641	65732	4786
642	76042	6708
643	63889	6167
644	74280	5765
645	88036	6783
646	87737	6281
647	70409	5818
648	91053	6199
649	79784	5199
650	72474	5764
651	76182	6087
652	94950	6650
653	73649	6403
654	73086	5742
655	76142	6520
656	70651	6250
657	55513	5343
658	66997	6071
659	95150	6377
660	80589	6386
661	83172	6202
662	83409	6887
663	76394	5989
664	62758	5484
665	78234	6457
666	58986	5879
667	55855	4715
668	49556	3951
669	65432	4344
670	62027	4411
671	63452	4635
672	61906	4389
673	63963	4606
674	59172	4852
675	63096	4510
676	61175	4826
677	60378	4661
678	66189	5884
679	63301	4882
680	61711	5123
681	47331	3802
682	45907	3850
683	42630	4384
684	63573	5055
685	63446	4831
686	49438	3993
687	45974	4127
688	45263	4339
689	60971	5123
690	46758	3973
691	46375	3663
692	54066	4274
693	51501	4283
694	62819	4733
695	62483	4804
696	54646	4383
697	49278	4418
698	58527	4615
699	58200	4382
700	49116	4476
701	55488	4195
702	48918	4079
703	60090	4745
704	44305	4443
705	64626	4834
706	50713	3983
707	64050	4468
708	56285	4656
709	60633	4512
710	67572	4595
711	49193	4593
712	47763	3962
713	47048	4084
714	48226	4240
715	47329	4180
716	48055	4452
717	54981	4284
718	51171	4667
719	42230	3959
720	56577	4850
721	57780	4473
722	59729	4602
723	48156	3869
724	479	261
725	5567	1491
726	165157	11000
727	155489	10702
728	47598	6321
729	35743	4811
730	37442	6083
731	117109	9302
732	25700	3030
733	21199	2997
734	15702	3045
735	31432	3718
736	12376	2476
737	2237	1142
738	51890	4120
739	54344	4850
740	77316	4866
741	31642	3937
742	74152	5864
743	99191	6505
744	98245	6282
745	87767	5845
746	14933	2231
747	59982	4774
748	78185	7116
749	67435	5430
750	60975	5488
751	126329	6738
752	68294	5027
753	55486	4613
754	99100	6053
755	60938	5165
756	32779	3838
757	112345	6528
758	59124	4918
759	36121	3650
760	93284	6066
761	2719	821
762	113222	7037
763	80220	5988
764	54245	4879
765	51003	4503
766	33414	3795
767	38328	4097
768	36794	3978
769	50189	4312
770	52876	7298
771	60913	7180
772	50767	7000
773	59969	6705
774	74959	7432
775	48844	6220
776	52710	6740
777	1685	782
778	65062	6836
779	8604	2149
780	14913	2443
781	58392	7364
782	64085	6604
783	17329	3497
784	60418	7214
785	18356	3361
786	80143	7933
787	9649	2326
788	17590	3046
789	11723	2482
790	44417	5571
791	31109	5203
792	27057	4744
793	79541	7945
794	59887	6376
795	58469	6353
796	55744	6425
797	93595	8559
798	25109	3767
799	42566	6163
800	12152	2425
801	72451	7836
802	56333	6720
803	26391	4733
804	32899	5090
805	39311	5986
806	91316	8766
807	60426	7341
808	3921	1253
809	61379	4767
810	100776	5707
811	131503	7748
812	114968	6779
813	143242	7660
814	114211	6822
815	132441	7083
816	61097	5513
817	55215	4528
818	54963	4438
819	67691	5573
820	111497	6642
821	121476	6920
822	134500	6997
823	145962	7786
824	111769	6914
825	128707	6927
826	127040	8076
827	123732	7619
828	125413	7320
829	141459	8001
830	96352	7189
831	128132	8227
832	132194	6497
833	129695	8047
834	50813	4056
835	48204	3922
836	41385	3715
837	72706	5839
838	86677	6474
839	122262	6906
840	103694	7436
841	121153	6524
842	118205	7451
843	119306	5661
844	107966	6945
845	38076	3859
846	128393	7076
847	93462	6092
848	95935	6872
849	102172	6405
850	138137	8959
851	112421	6143
852	107352	6140
853	88511	6151
854	122789	6882
855	94795	6370
856	88608	6173
857	149525	7284
858	146112	7632
859	100403	7291
860	72119	5543
861	46604	5618
862	97579	7161
863	90978	6730
864	122414	7299
865	104504	7473
866	118120	6232
867	149987	8273
868	82713	6158
869	35884	3735
870	120485	6768
871	106872	7353
872	121945	6651
873	108476	5939
874	137269	7065
875	125399	6387
876	103106	7140
877	117174	7628
878	76874	5777
879	104200	6536
880	116969	6797
881	119827	6729
882	103392	6470
883	108604	6687
884	108356	7388
885	128833	6731
886	142773	7388
887	96835	7143
888	118821	6184
889	120885	7429
890	130280	7287
891	124186	7082
892	139795	7099
893	124372	6862
894	133430	6955
895	123734	7124
896	129173	7120
897	131312	7219
898	39823	5747
899	90885	8791
900	16321	2852
901	5093	1316
902	24821	3695
903	7048	1580
904	113197	9846
905	14722	3528
906	36784	4869
907	22803	3663
908	28566	4618
909	84820	7957
910	15476	3335
911	26180	3418
912	58309	6330
913	13770	2783
914	47717	5866
915	8522	1841
916	36754	5049
917	32589	4329
918	68918	8050
919	3565	1245
920	32320	3760
921	34137	4757
922	9173	1733
923	13334	2527
924	37265	5639
925	12155	2275
926	33732	4375
927	12774	3218
928	16523	3916
929	27602	3935
930	32744	3992
931	28397	4801
932	8194	1859
933	121440	9159
934	16009	2872
935	8270	2035
936	41188	6392
937	25102	3251
938	35780	4962
939	34950	4284
940	217071	11563
941	16852	3271
942	312956	15016
943	5158	1643
944	58881	8690
945	320372	15479
946	229070	13583
947	146657	11872
948	72106	6962
949	105063	12616
950	17856	3404
951	209268	12008
952	19406	2584
953	16694	2838
954	66588	7310
955	58807	7407
956	47705	5915
957	54925	7237
958	112957	12116
959	89266	8892
960	35015	4636
961	84700	9048
962	144948	11252
963	39486	6829
964	53456	4654
965	84940	10357
966	119596	10844
967	129195	10977
968	37003	5314
969	77107	6909
970	34715	4592
971	45968	6076
972	99676	8048
973	129745	10652
974	30139	4819
975	145715	11883
976	81509	8262
977	78479	7217
978	87840	8493
979	103028	8632
980	81080	8169
981	51286	6449
982	88018	8128
983	106956	8618
984	80753	7529
985	63494	6433
986	44671	5386
987	18110	3268
988	68262	6292
989	15333	2769
990	57030	6511
991	107090	8918
992	103747	8561
993	70228	6734
994	69322	7607
995	101706	6720
996	93968	6497
997	124851	7396
998	90468	6901
999	92496	6450
1000	94179	6383
1001	94642	6087
1002	104000	6495
1003	99322	7087
1004	95763	7065
1005	88423	7047
1006	108522	6962
1007	87422	6529
1008	79386	5341
1009	77783	5436
1010	102749	6549
1011	122624	9670
1012	106899	7488
1013	73047	4212
1014	88112	5362
1015	94928	6891
1016	99614	7002
1017	102445	6148
1018	98494	6296
1019	105890	6340
1020	89241	7049
1021	118027	7550
1022	97571	6141
1023	106777	7468
1024	101640	6294
1025	94168	6523
1026	64424	5953
1027	89749	8029
1028	91441	7085
1029	81256	5497
1030	115469	8798
1031	77715	6748
1032	92747	7283
1033	104065	6471
1034	99188	8667
1035	96438	7544
1036	97570	6635
1037	81403	5549
1038	28021	4426
1039	166032	12501
1040	99207	8522
1041	32687	3677
1042	79896	7544
1043	21765	3461
1044	122349	10992
1045	120311	11748
1046	131946	10657
1047	126068	9828
1048	183256	11660
1049	16873	1883
1050	62442	8314
1051	14039	3190
1052	22327	4752
1053	52942	8156
1054	61431	8513
1055	48354	7374
1056	50678	7561
1057	9244	2174
1058	33764	4150
1059	79082	8308
1060	72453	8872
1061	9399	1972
1062	116702	11081
1063	12260	2858
1064	9073	2143
1065	97237	11093
1066	27753	4799
1067	14093	2383
1068	76306	8509
1069	75720	9015
1070	99978	7302
1071	99433	10681
1072	27220	3396
1073	76860	5810
1074	21478	2890
1075	62130	6265
1076	19061	3298
1077	10126	1879
1078	26109	3472
1079	19383	3218
1080	7339	1822
1081	56752	7035
1082	35388	4333
1083	127958	12616
1084	160604	12195
1085	15330	2560
1086	32122	4724
1087	12399	2211
1088	132997	11829
1089	20235	3402
1090	32896	5134
1091	132822	9629
1092	21700	3569
1093	39976	4888
1094	14723	2563
1095	165008	8867
1096	135179	8948
1097	39156	4260
1098	19370	2938
1099	138849	7680
1100	18789	2649
1101	8359	1646
1102	79882	7134
1103	83594	6866
1104	16573	2762
1105	22902	3640
1106	14658	3025
1107	11962	1846
1108	60033	5246
1109	15440	2719
1110	54821	6163
1111	207661	10179
1112	14434	2702
1113	24950	3563
1114	140235	12109
1115	158061	11919
1116	15384	3208
1117	13148	2318
1118	22478	4016
1119	55819	5282
1120	22616	2963
1121	15550	2260
1122	19645	2981
1123	20004	3250
1124	118125	8313
1125	114759	7176
1126	17338	3258
1127	10618	2175
1128	55172	5482
1129	77294	5627
1130	70965	5973
1131	214756	11641
1132	42837	4482
1133	81348	6341
1134	106770	6630
1135	64419	5461
1136	95997	7172
1137	17794	3541
1138	11988	2235
1139	107329	8433
1140	121070	7879
1141	51249	4786
1142	117657	7868
1143	112730	7536
1144	78163	5864
1145	21796	3174
1146	108698	8758
1147	95151	6190
1148	103217	6517
1149	123062	8090
1150	190872	10763
1151	48116	5617
1152	54453	4638
1153	108648	5106
1154	105506	6677
1155	120968	7346
1156	6789	1619
1157	112170	7903
1158	82768	7055
1159	6476	1472
1160	103093	8096
1161	158162	9405
1162	34814	3982
1163	105228	6727
1164	151501	7642
1165	88518	5152
1166	85785	5360
1167	67983	6201
1168	117743	4924
1169	134350	7784
1170	102394	7417
1171	100161	6545
1172	58276	6271
1173	113377	9091
1174	121973	7626
1175	84063	7155
1176	100116	7882
1177	107548	5807
1178	89567	5929
1179	129274	6629
1180	123065	6645
1181	112785	7612
1182	95530	6644
1183	22969	2858
1184	146661	8329
1185	99158	6171
1186	95863	5718
1187	60944	4749
1188	92897	7081
1189	120833	8419
1190	93645	10009
1191	111720	10404
1192	101478	10207
1193	97548	9088
1194	80221	8844
1195	47771	7468
1196	55824	8602
1197	55910	6748
1198	6829	1851
1199	39836	5761
1200	36253	4804
1201	81840	9061
1202	111568	10417
1203	15285	2415
1204	65878	7470
1205	103947	9638
1206	148772	12339
1207	140991	11734
1208	83384	8667
1209	18781	3932
1210	79843	8552
1211	73712	7933
1212	56211	5298
1213	162621	12482
1214	43668	5631
1215	68851	7192
1216	75346	8417
1217	69307	8749
1218	49168	5756
1219	44229	5323
1220	146143	12940
1221	105307	10534
1222	3743	1058
1223	111735	10682
1224	50962	5914
1225	40199	4997
1226	64211	6936
1227	76718	7584
1228	56018	7365
1229	32653	4598
1230	98617	10095
1231	60505	6779
1232	56140	6969
1233	130455	11080
1234	38735	5328
1235	65538	8552
1236	136019	12298
1237	73898	7917
1238	61919	7851
1239	62374	7242
1240	82828	8012
1241	145997	10744
1242	158519	9637
1243	12127	2499
1244	4684	1327
1245	14573	3003
1246	31106	6419
1247	11532	2705
1248	66385	9245
1249	21122	5516
1250	97745	12001
1251	102899	12404
1252	215851	17239
1253	103080	10749
1254	155605	14109
1255	120297	11418
1256	95323	10499
1257	80568	10435
1258	100216	9891
1259	144237	13572
1260	86326	7498
1261	68833	6141
1262	28035	3275
1263	28373	2830
1264	49155	5197
1265	111395	6178
1266	38782	3756
1267	12429	2489
1268	131477	5195
1269	120987	5036
1270	73974	4078
1271	10101	1893
1272	87722	9301
1273	57555	6931
1274	72083	7341
1275	39884	4351
1276	61208	6899
1277	114369	9778
1278	51240	5519
1279	33902	5131
1280	71033	7684
1281	65613	7566
1282	41507	5167
1283	49160	5289
1284	140429	11022
1285	97734	9309
1286	48551	6816
1287	55964	7244
1288	57153	8050
1289	94462	8277
1290	51464	5916
1291	15163	2959
1292	31655	4077
1293	9745	1532
1294	32122	4761
1295	36724	4760
1296	80447	8595
1297	47228	6593
1298	15467	2894
1299	52823	6748
1300	30650	4898
1301	31265	5071
1302	88603	8538
1303	105044	9980
1304	101249	10131
1305	115412	9690
1306	52701	6620
1307	62560	7812
1308	38424	5906
1309	51770	5892
1310	20413	3335
1311	106678	9144
1312	49255	6447
1313	47708	6616
1314	50541	6772
1315	169033	12206
1316	32740	3921
1317	34267	5235
1318	51751	6440
1319	72923	6620
1320	52903	5482
1321	29329	2531
1322	53174	5244
1323	61578	6032
1324	56813	5815
1325	55258	5521
1326	29034	2658
1327	65995	5369
1328	93700	6137
1329	5602	932
1330	57810	5369
1331	50912	5402
1332	57131	5803
1333	30527	2617
1334	49053	5589
1335	39169	3414
1336	56171	5067
1337	39112	3317
1338	53069	5146
1339	60347	5767
1340	74573	6051
1341	59788	5332
1342	50340	5370
1343	63722	5600
1344	65190	5530
1345	57409	5072
1346	32543	2633
1347	31707	2324
1348	43857	3718
1349	42657	3782
1350	41690	3935
1351	41598	3874
1352	45411	3699
1353	40600	3479
1354	42597	3885
1355	43407	3406
1356	4742	743
1357	46719	3991
1358	42738	3939
1359	29605	2087
1360	32452	2854
1361	33237	2412
1362	57555	5787
1363	34945	2747
1364	114048	6341
1365	55756	5907
1366	59144	5695
1367	51730	7488
1368	114470	9764
1369	202347	10911
1370	54025	6234
1371	157208	10574
1372	178824	11088
1373	182189	9527
1374	183326	10508
1375	170195	9914
1376	97346	6513
1377	12390	2540
1378	175113	9650
1379	151043	9321
1380	125339	10273
1381	180710	10436
1382	41451	4905
1383	140984	9231
1384	363706	15243
1385	182454	9960
1386	213730	10551
1387	159536	10736
1388	5302	1464
1389	148184	9701
1390	143480	10941
1391	178750	9739
1392	157388	10336
1393	173264	12185
1394	168387	10420
1395	167268	10262
1396	99187	8291
1397	170561	9719
1398	150212	10267
1399	182713	10190
1400	159009	10877
1401	149310	9651
1402	171192	10322
1403	165682	10332
1404	85121	8987
1405	2898	794
1406	68010	7303
1407	264559	29446
1408	2581	816
1409	25928	4036
1410	40866	4379
1411	22443	2870
1412	18653	3481
1413	45165	6246
1414	17981	3371
1415	7670	1799
1416	21944	3003
1417	25972	3312
1418	31302	3993
1419	51450	5534
1420	47562	4893
1421	23094	2975
1422	16017	2477
1423	47476	4864
1424	21202	2763
1425	115259	8777
1426	25068	3533
1427	112570	7388
1428	66814	6357
1429	125989	7485
1430	24222	3217
1431	19502	2467
1432	68110	5460
1433	72790	4878
1434	22108	2987
1435	91370	6155
1436	44916	5164
1437	24732	2928
1438	18153	2646
1439	69998	5153
1440	40573	4334
1441	61150	4612
1442	38792	3647
1443	14694	2405
1444	45306	4104
1445	73066	5583
1446	30727	3213
1447	46242	3873
1448	62793	4659
1449	89565	8139
1450	37351	2726
1451	98627	5608
1452	97681	5732
1453	85820	5546
1454	54181	4334
1455	65088	5227
1456	50502	4156
1457	22196	2977
1458	8837	2240
1459	124758	14778
1460	107370	12413
1461	7646	2281
1462	153841	17452
1463	46802	9445
1464	280502	26171
1465	53170	8343
1466	33078	6282
1467	24723	5543
1468	87087	8931
1469	160995	7153
1470	23148	2919
1471	33518	4165
1472	160457	7825
1473	77740	6059
1474	83615	5786
1475	122140	6311
1476	119883	6329
1477	92680	8192
1478	3912	1170
1479	42360	5567
1480	6702	1665
1481	5946	1545
1482	21212	2548
1483	53535	6545
1484	42545	6227
1485	23306	4146
1486	54459	5749
1487	4639	1180
1488	69471	7170
1489	7145	1682
1490	137829	10726
1491	60316	6722
1492	19225	3112
1493	19873	3708
1494	46396	6083
1495	3141	976
1496	2652	890
1497	19918	2886
1498	22936	2977
1499	6566	1559
1500	64865	7241
1501	5838	1223
1502	70540	6635
1503	67034	6918
1504	67946	7099
1505	10889	2042
1506	55467	5899
1507	57245	4354
1508	7244	1327
1509	14658	1887
1510	99352	5473
1511	35101	3402
1512	76710	5504
1513	56718	4075
1514	99652	5335
1515	2189020	23527
1516	29024	4300
1517	62721	7154
1518	167047	8731
1519	115064	8108
1520	110216	8334
1521	115899	8590
1522	109798	9467
1523	130292	11041
1524	124258	11718
1525	14129	2731
1526	32214	6017
1527	91362	10641
1528	95701	10222
1529	16959	2611
1530	20547	2777
1531	74418	8271
1532	117713	8671
1533	14155	2883
1534	9431	2234
1535	95357	8410
1536	95789	8146
1537	12110	2080
1538	17178	3247
1539	18619	2185
1540	22998	2900
1541	20446	2490
1542	18261	3417
1543	94996	7535
1544	24672	3274
1545	22473	2774
1546	63885	7270
1547	46683	5840
1548	59070	7335
1549	79422	7207
1550	79995	6560
1551	14959	2118
1552	6893	1296
1553	322742	15478
1554	19666	3194
1555	100937	8470
1556	19561	2716
1557	70891	7752
1558	5842	1215
1559	5658	1294
1560	16059	2587
1561	91234	8370
1562	16846	2649
1563	299899	13087
1564	18625	2232
1565	23099	2800
1566	89941	7978
1567	96438	8117
1568	18489	2511
1569	31066	5757
1570	40617	6787
1571	5502	1925
1572	139930	11846
1573	13929	3339
1574	149518	6276
1575	124289	5455
1576	56236	4464
1577	67219	6241
1578	18026	3933
1579	11421	3444
1580	44010	7247
1581	39442	7206
1582	80200	9883
1583	15752	3635
1584	144425	14990
1585	65646	8124
1586	34707	6006
1587	17371	3815
1588	12744	3003
1589	10365	2732
1590	14371	3542
1591	10079	2537
1592	31489	5475
1593	23626	4696
1594	21520	4356
1595	9934	2228
1596	12350	2733
1597	10704	2706
1598	10992	2835
1599	9679	2445
1600	12487	3092
1601	7364	2022
1602	11745	2602
1603	14523	3060
1604	95845	10481
1605	98396	10750
1606	42255	4653
1607	58138	6820
1608	180592	13544
1609	69385	8771
1610	249213	15420
1611	251421	14970
1612	214369	13504
1613	55998	6165
1614	56977	7018
1615	58948	7000
1616	35326	5458
1617	25044	4259
1618	32161	4473
1619	47413	5571
1620	49009	5640
1621	17240	2975
1622	55746	6878
1623	41658	6435
1624	194999	10180
1625	93480	8437
1626	135289	11026
1627	147807	10727
1628	42989	5599
1629	129260	12417
1630	145722	13483
1631	57125	8540
1632	60318	7575
1633	34051	5623
1634	3449	991
1635	107450	10389
1636	48726	6147
1637	72105	8424
1638	310796	17469
1639	73297	5915
1640	52604	5754
1641	20839	4067
1642	10062	2071
1643	27713	5010
1644	58949	6309
1645	49300	6751
1646	80539	7567
1647	155151	10664
1648	145621	11223
1649	137063	10615
1650	24874	4322
1651	55754	6377
1652	47296	5943
1653	121044	10040
1654	49781	6990
1655	409773	12632
1656	52490	5869
1657	75108	6860
1658	95450	6869
1659	49639	3835
1660	52135	5665
1661	234223	9965
1662	25524	3684
1663	7624	1824
1664	44186	4882
1665	27649	3358
1666	3415	1084
1667	46190	6604
1668	104592	8132
1669	40488	6169
1670	13201	2902
1671	236051	10082
1672	90456	11771
1673	102384	12438
1674	147523	9056
1675	108396	8637
1676	99376	8263
1677	86358	7002
1678	119190	9448
1679	117219	9857
1680	11322	2072
1681	71247	7230
1682	45914	6831
1683	85177	8902
1684	63236	6346
1685	12506	2694
1686	106471	8200
1687	138518	9558
1688	53061	6743
1689	30914	5031
1690	20528	3669
1691	38796	5448
1692	38764	5441
1693	131041	10572
1694	171950	12285
1695	79195	9045
1696	36368	5119
1697	7827	1540
1698	45898	6840
1699	33538	4900
1700	62758	7004
1701	107730	8792
1702	61258	7940
1703	55145	6988
1704	31206	5034
1705	134751	8987
1706	90665	9203
1707	16725	2797
1708	39951	5152
1709	10588	2196
1710	31307	4921
1711	113241	8785
1712	118990	9158
1713	61232	7222
1714	13456	2642
1715	14674	3350
1716	94124	11601
1717	104783	12336
1718	27295	4014
1719	15380	2227
1720	26693	2616
1721	4715	1211
1722	2956	967
1723	12718	3137
1724	18383	3906
1725	3207	942
1726	62537	5901
1727	52133	3801
1728	13774	1681
1729	5073	1440
1730	7440	1955
1731	29689	2801
1732	108714	13308
1733	37959	6536
1734	127444	13309
1735	10252	2814
1736	140507	17934
1737	123443	12720
1738	163163	17171
1739	179764	15456
1740	181232	18927
1741	120160	15976
1742	124274	11829
1743	165712	14704
1744	3059	973
1745	55679	5729
1746	23125	4271
1747	85228	6915
1748	886	267
1749	55318	5822
1750	98763	11306
1751	6291	1654
1752	27022	4674
1753	21748	4416
1754	72182	6639
1755	40605	5811
1756	103998	7379
1757	40723	4817
1758	55367	5431
1759	39737	5259
1760	40924	4205
1761	43497	3329
1762	73359	6778
1763	34504	2448
1764	29131	5483
1765	93689	7688
1766	101150	8530
1767	77969	7871
1768	105484	7783
1769	186816	10871
1770	53756	4223
1771	8092	1744
1772	12625	2308
1773	86672	8124
1774	10611	2121
1775	31954	4839
1776	16935	3050
1777	94488	7415
1778	44330	7125
1779	84771	8044
1780	73810	7413
1781	26057	3628
1782	11076	2093
1783	40768	4092
1784	19748	3056
1785	2599	973
1786	82263	7389
1787	119738	9022
1788	89056	7498
1789	103539	7539
1790	77655	7361
1791	80833	6849
1792	66856	6467
1793	71463	6721
1794	40556	4674
1795	63692	6618
1796	74512	7012
1797	46937	5223
1798	91591	7444
1799	88557	7158
1800	109121	8369
1801	82132	6811
1802	105782	8205
1803	76599	6771
1804	88373	7053
1805	3767	995
1806	32050	4079
1807	51630	5204
1808	59835	6680
1809	51691	5519
1810	43380	5499
1811	49716	5881
1812	47425	5111
1813	43038	5618
1814	42109	5089
1815	48968	5971
1816	44340	5393
1817	42232	4154
1818	33563	3414
1819	40102	3804
1820	11102	2029
1821	46750	5305
1822	45792	5204
1823	45535	5456
1824	51287	5556
1825	46388	4190
1826	39393	4044
1827	29500	3521
1828	49532	4553
1829	55326	4739
1830	53978	4794
1831	37449	4023
1832	30154	3613
1833	47354	4061
1834	39580	3538
1835	42783	4423
1836	35132	4663
1837	57788	4615
1838	40488	3992
1839	46155	4320
1840	42870	4298
1841	32805	3503
1842	44614	3897
1843	7516	1942
1844	39652	2922
1845	48757	4652
1846	29033	3213
1847	11542	3125
1848	4892	1477
1849	119077	10164
1850	4379	1087
1851	19531	3335
1852	17195	2887
1853	159091	12932
1854	112164	6197
1855	30437	5112
1856	15243	2377
1857	110193	9716
1858	60752	7163
1859	9864	2513
1860	11008	2331
1861	6861	1344
1862	4411	1057
1863	4925	1355
1864	190603	14762
1865	6196	1593
1866	7433	1730
1867	15794	2975
1868	21384	3966
1869	146193	11963
1870	93417	8336
1871	2265	795
1872	79835	7822
1873	71982	6752
1874	169395	13562
1875	98733	11136
1876	16555	3449
1877	95858	9586
1878	71323	7286
1879	64463	7166
1880	16757	3900
1881	6585	1680
1882	196772	14748
1883	276894	15388
1884	123874	11526
1885	41874	4846
1886	70529	7938
1887	6824	1811
1888	53762	6449
1889	7095	1874
1890	21649	3651
1891	34025	3357
1892	23500	2438
1893	96837	9794
1894	75136	7001
1895	46667	5476
1896	24590	4421
1897	17340	3861
1898	176368	12387
1899	45605	6498
1900	48606	5924
1901	221083	6239
1902	41499	3017
1903	2614	1042
1904	6006	1839
1905	2503	971
1906	5396	1747
1907	6546	2044
1908	118673	7808
1909	52966	5130
1910	3572	1280
1911	2351	1001
1912	16584	3987
1913	20983	3386
1914	1206	549
1915	3463	1239
1916	3942	1295
1917	94160	8645
1918	2969	1278
1919	7621	2271
1920	2811	1036
1921	2292	897
1922	41161	5279
1923	3111	1188
1924	4132	1379
1925	5527	1776
1926	85540	9180
1927	57564	6293
1928	1979	677
1929	3093	1122
1930	2586	743
1931	39828	5955
1932	11442	2936
1933	4328	1511
1934	73617	8489
1935	9705	2913
1936	1930	854
1937	10614	2711
1938	117256	11778
1939	6837	2112
1940	236596	13989
1941	5536	1786
1942	62418	8077
1943	66056	7741
1944	171010	11961
1945	63863	6688
1946	2514	1072
1947	75951	8377
1948	2161	956
1949	5589	1926
1950	2017	878
1951	2565	983
1952	2760	932
1953	65855	5972
1954	31025	4184
1955	76878	8665
1956	7131	1987
1957	16876	3634
1958	10740	2025
1959	19556	3697
1960	4507	1460
1961	1794	789
1962	106935	9896
1963	5186	1623
1964	2623	875
1965	2936	1047
1966	63184	7389
1967	77761	8430
1968	7848	1679
1969	6823	2015
1970	2598	953
1971	11006	2902
1972	7128	1446
1973	5237	1527
1974	85001	8626
1975	6556	1941
1976	2736	1027
1977	34767	5121
1978	6500	1359
1979	9515	1970
1980	3384	1132
1981	2339	991
1982	4736	1574
1983	1910	737
1984	3955	1210
1985	2402	944
1986	3017	1095
1987	76578	7261
1988	148221	12178
1989	63958	8780
1990	79001	10272
1991	65112	8649
1992	98252	11793
1993	71761	9899
1994	64053	8664
1995	71844	9976
1996	52757	8181
1997	44004	6588
1998	2078	755
1999	57609	8359
2000	53760	8502
2001	29422	5742
2002	76271	10261
2003	65131	9061
2004	33399	3793
2005	22010	2327
2006	30231	3027
2007	12316	3137
2008	17763	2894
2009	51349	6138
2010	4050	1361
2011	58869	7574
2012	8548	2037
2013	19365	2040
2014	39684	5259
2015	33016	3928
2016	89413	9015
2017	37507	5575
2018	164140	15602
2019	11656	2452
2020	32643	5486
2021	12347	2717
2022	8261	1181
2023	11594	2535
2024	21410	2830
2025	16319	2167
2026	20296	2599
2027	80766	7070
2028	14427	2295
2029	19469	2562
2030	28599	4310
2031	7070	2231
2032	48560	6576
2033	5814	1937
2034	354781	20013
2035	4214	1582
2036	5269	1711
2037	77277	8013
2038	42724	4889
2039	29989	4680
2040	38166	4871
2041	74515	7413
2042	114393	9338
2043	51019	6094
2044	108136	8150
2045	54467	5801
2046	51338	4979
2047	81170	7879
2048	53269	6029
2049	57885	6584
2050	74677	7367
2051	75528	7528
2052	51073	6003
2053	78072	7827
2054	62072	6904
2055	85287	7599
2056	32593	4544
2057	68719	7120
2058	43619	4733
2059	45132	4961
2060	68905	6911
2061	71870	6907
2062	101350	9500
2063	71868	6970
2064	23153	3720
2065	41551	4772
2066	68339	7292
2067	17683	3845
2068	45159	4871
2069	55798	6306
2070	66362	6885
2071	14543	2330
2072	43821	6518
2073	44090	6468
2074	2663	794
2075	2458	687
2076	10575	1926
2077	7270	1430
2078	15260	2113
2079	7339	1509
2080	8603	1736
2081	1120	490
2082	4814	1184
2083	7816	1555
2084	25178	3558
2085	27287	3571
2086	24129	3724
2087	92767	8385
2088	96166	8434
2089	93080	8287
2090	97952	8120
2091	26886	3970
2092	93892	8443
2093	25940	4143
2094	95230	8306
2095	99906	7419
2096	28566	3483
2097	92216	7979
2098	24331	3030
2099	17583	3277
2100	73425	7413
2101	100743	7668
2102	32874	4804
2103	89865	8158
2104	44504	6006
2105	25670	3955
2106	87891	8358
2107	32788	4643
2108	19805	3278
2109	31374	4450
2110	26324	4430
2111	53937	6196
2112	60582	6638
2113	40721	5034
2114	28031	4556
2115	52758	6754
2116	48528	5764
2117	92919	8563
2118	96382	7525
2119	95278	8524
2120	25841	3950
2121	88454	8099
2122	37782	4551
2123	39669	5926
2124	26434	4208
2125	89596	8377
2126	26614	4115
2127	95581	8015
2128	94183	7743
2129	5120	1205
2130	25941	3939
2131	100120	7116
2132	51572	6181
2133	58347	6264
2134	86705	7365
2135	72166	7400
2136	92332	8547
2137	95294	8050
2138	31751	4864
2139	95288	8027
2140	99510	8730
2141	92618	7294
2142	88847	6962
2143	91664	8114
2144	57408	6310
2145	6802	1350
2146	89400	7591
2147	89065	7835
2148	33039	4525
2149	88853	8034
2150	50043	5687
2151	59806	6284
2152	89596	7069
2153	44240	5312
2154	26224	4082
2155	87228	8513
2156	53431	5583
2157	98181	8177
2158	71908	7286
2159	95354	8491
2160	92234	8915
2161	25947	4058
2162	22351	3657
2163	91380	7301
2164	94001	7924
2165	77821	7342
2166	122312	9161
2167	89652	7425
2168	74588	6746
2169	93313	8252
2170	114220	8773
2171	26033	4406
2172	27054	4196
2173	77179	6981
2174	114264	9398
2175	85414	7751
2176	89675	7692
2177	126672	10060
2178	88317	7354
2179	105307	9826
2180	74346	8467
2181	121800	10659
2182	84270	7423
2183	121218	9269
2184	81232	7298
2185	81968	7442
2186	118847	9253
2187	61888	6251
2188	70443	6794
2189	71160	7107
2190	85982	10408
2191	74697	8891
2192	58883	8047
2193	17206	4419
2194	15410	3311
2195	60317	8873
2196	58372	8503
2197	33628	4509
2198	7002	1528
2199	16589	2497
2200	28550	3923
2201	30281	3828
2202	12217	2395
2203	48830	7671
2204	9512	2771
2205	36126	6634
2206	35869	6344
2207	104728	12079
2208	2188	940
2209	129513	14464
2210	1624	812
2211	121085	10945
2212	5803	1567
2213	11864	2185
2214	17220	2587
2215	154361	9083
2216	8191	1817
2217	8965	1962
2218	8265	1830
2219	8514	1864
2220	6424	1549
2221	6454	1783
2222	8776	1929
2223	8236	1820
2224	2974	971
2225	62321	7370
2226	1990	658
2227	61420	8837
2228	37031	5845
2229	16037	2992
2230	101445	7732
2231	101766	7751
2232	21846	4732
2233	51446	7949
2234	70233	9434
2235	14545	2014
2236	96355	10708
2237	5656	1486
2238	102650	11178
2239	49299	4530
2240	82480	6600
2241	83753	10486
2242	100681	10560
2243	110635	10427
2244	57381	7932
2245	52665	8349
2246	3962	1502
2247	102510	8999
2248	20580	4116
2249	3716	1292
2250	62253	7549
2251	65730	6920
2252	8080	2334
2253	103948	9840
2254	50711	6406
2255	21810	4111
2256	80302	7110
2257	75971	8313
2258	87458	7549
2259	80703	8700
2260	3612	1127
2261	31525	5379
2262	25743	3961
2263	7041	1303
2264	116709	12499
2265	104702	8215
2266	101898	7730
2267	87694	7545
2268	140151	12103
2269	49645	7389
2270	62796	5745
2271	161883	13540
2272	111973	9259
2273	148566	13284
2274	96706	10265
2275	132905	13030
2276	135638	11483
2277	98702	9120
2278	91592	11507
2279	127380	11790
2280	135536	12045
2281	177882	14018
2282	104041	11199
2283	102752	9020
2284	106589	9868
2285	101190	8432
2286	121200	10830
2287	87360	7640
2288	109046	12242
2289	34723	5609
2290	69018	5971
2291	13093	3703
2292	82981	8734
2293	49959	7499
2294	48249	7276
2295	39163	6056
2296	21882	4465
2297	24625	4945
2298	97150	7752
2299	105160	11092
2300	2542	876
2301	67381	8790
2302	26927	5158
2303	658	357
2304	16271	2796
2305	53761	6827
2306	29787	5438
2307	15070	3369
2308	215031	16410
2309	171884	13729
2310	29834	2927
2311	107412	9484
2312	49793	6333
2313	70661	9530
2314	107859	10660
2315	73379	7724
2316	58873	5858
2317	74217	7171
2318	33238	5025
2319	48005	6740
2320	90696	9049
2321	65527	7945
2322	33965	5250
2323	66807	7913
2324	12679	2495
2325	68371	7903
2326	107441	10523
2327	14439	2660
2328	51740	4634
2329	63837	7096
2330	72448	7172
2331	14391	2566
2332	46493	5928
2333	65219	5634
2334	27046	4774
2335	25637	3519
2336	309993	17993
2337	14442	3082
2338	95257	10791
2339	42724	6256
2340	56346	7289
2341	13608	3679
2342	94854	10030
2343	138362	14129
2344	32290	5670
2345	89431	12184
2346	92433	11202
2347	109549	10625
2348	43946	6543
2349	25387	4116
2350	69891	9199
2351	106935	11829
2352	359336	22445
2353	3918	1086
2354	125570	11963
2355	84333	9632
2356	169729	14324
2357	78365	8693
2358	42621	6357
2359	92861	10184
2360	126265	12298
2361	47107	5720
2362	67940	6600
2363	43586	5701
2364	14929	3060
2365	39795	4860
2366	58551	7036
2367	6154	1596
2368	88332	7168
2369	179871	13084
2370	7366	1681
2371	91979	8062
2372	68825	7583
2373	131785	9221
2374	9893	2723
2375	12121	2515
2376	75800	7473
2377	11491	2300
2378	10760	2113
2379	8696	1801
2380	10064	2064
2381	5834	1404
2382	7373	1630
2383	67656	5827
2384	105328	7905
2385	3251	895
2386	85006	9109
2387	51947	5986
2388	15986	3024
2389	71170	7643
2390	7743	1753
2391	38382	5031
2392	75230	6211
2393	138464	11048
2394	224502	11696
2395	69644	7612
2396	50164	4992
2397	76344	8145
2398	6510	1984
2399	59641	5581
2400	75859	8216
2401	43007	5886
2402	76751	7790
2403	69101	7811
2404	49357	6379
2405	20291	3249
2406	17894	2808
2407	29503	4691
2408	124046	9070
2409	113164	8035
2410	43525	5403
2411	47075	5681
2412	57943	5654
2413	28999	4548
2414	59365	6553
2415	152618	10636
2416	47274	7037
2417	58042	6088
2418	53978	5010
2419	103507	8960
2420	129439	9837
2421	54943	6072
2422	69605	7980
2423	98809	4268
2424	81349	7370
2425	276431	15834
2426	121822	12931
2427	142382	15203
2428	154310	16139
2429	18031	4598
2430	81438	11206
2431	72020	9527
2432	84066	13061
2433	92083	11749
2434	58937	9769
2435	76635	11980
2436	76094	9151
2437	89798	9553
2438	127520	11428
2439	87825	10187
2440	182113	13991
2441	194180	13347
2442	189219	13547
2443	108578	10868
2444	39479	6334
2445	75177	10366
2446	85486	11438
2447	13516	3010
2448	181821	13819
2449	226763	14241
2450	184564	12815
2451	188901	13853
2452	195334	14706
2453	13047	3547
2454	183242	13760
2455	184471	13261
2456	176133	14661
2457	132153	10959
2458	58334	7619
2459	120937	11637
2460	184309	13075
2461	201499	14898
2462	239954	15650
2463	313966	19047
2464	77332	10005
2465	176793	13678
2466	67967	7794
2467	130080	10943
2468	7912	2108
2469	17357	2282
2470	211617	16053
2471	198203	13669
2472	22914	4948
2473	28511	5599
2474	23106	4785
2475	18695	4195
2476	20471	4689
2477	84201	6887
2478	86013	7866
2479	126587	9755
2480	87123	7871
2481	32068	4309
2482	66478	6854
2483	29677	4505
2484	49284	5551
2485	49564	5615
2486	42379	6169
2487	38103	5325
2488	45010	5590
2489	31874	4707
2490	60773	6138
2491	22584	3496
2492	50950	6023
2493	23930	3634
2494	26626	3977
2495	39464	5188
2496	2901	1042
2497	7306	1999
2498	6646	2434
2499	3865	1310
2500	4569	1814
2501	37807	5567
2502	89847	8435
2503	8643	1821
2504	18816	3931
2505	44370	6851
2506	49570	7345
2507	73507	8776
2508	60379	7640
2509	55347	7477
2510	73947	8330
2511	87788	10467
2512	37024	5912
2513	124713	11141
2514	83903	9115
2515	35889	5683
2516	106576	10291
2517	118589	12030
2518	53279	7098
2519	40698	6671
2520	32673	5623
2521	39405	5913
2522	47573	6836
2523	23761	4410
2524	57194	7113
2525	75027	8110
2526	31248	5453
2527	36639	5410
2528	110097	11097
2529	81887	11313
2530	307671	21411
2531	120769	12995
2532	88977	9980
2533	60993	8063
2534	88538	8348
2535	69784	7306
2536	140064	10663
2537	132052	10460
2538	142705	10241
2539	139486	11413
2540	146485	10743
2541	29684	5476
2542	78797	7793
2543	24502	4705
2544	17842	4235
2545	24068	4737
2546	151160	12027
2547	144318	14519
2548	143415	10605
2549	117621	10125
2550	143647	10297
2551	33755	4629
2552	115405	9277
2553	64001	6980
2554	137189	10480
2555	21158	4631
2556	95273	8850
2557	58804	6682
2558	15170	4062
2559	81907	7862
2560	6987	1340
2561	35267	4222
2562	47886	7007
2563	53352	6708
2564	112793	9988
2565	7066	1261
2566	6486	1695
2567	100767	10235
2568	115455	9764
2569	95016	9098
2570	169545	12832
2571	16952	3314
2572	95768	9358
2573	7325	1640
2574	11583	2599
2575	62131	6758
2576	107646	9977
2577	165255	11003
2578	81191	8269
2579	20618	2805
2580	9353	2019
2581	3961	1051
2582	11309	2078
2583	5635	1620
2584	5737	1563
2585	19883	3277
2586	8070	1758
2587	108793	8752
2588	21985	3721
2589	7506	1329
2590	5270	1550
2591	21737	4020
2592	5807	1412
2593	9281	2269
2594	8401	1552
2595	14063	2865
2596	6750	1360
2597	6521	1244
2598	6863	1413
2599	9153	2229
2600	5214	1342
2601	4280	1301
2602	8018	1487
2603	6587	1282
2604	54296	4716
2605	13316	1702
2606	9943	1575
2607	10380	1596
2608	22787	1817
2609	21880	1961
2610	22643	1871
2611	21245	1870
2612	27092	2256
2613	28800	2399
2614	27418	2082
2615	25387	2163
2616	29478	2237
2617	22497	1913
2618	22894	2028
2619	17204	1453
2620	16382	1571
2621	16629	1577
2622	15702	1549
2623	16995	1697
2624	15640	1463
2625	16071	1713
2626	16540	1630
2627	21397	1891
2628	15435	1551
2629	15482	1623
2630	15974	1573
2631	16138	1566
2632	15650	1605
2633	14926	1558
2634	15162	1632
2635	70426	6155
2636	77380	4059
2637	75193	3803
2638	19262	1734
2639	33024	4201
2640	282650	9957
2641	64866	5491
2642	55424	7345
2643	18453	3816
2644	167724	10392
2645	137502	9491
2646	239894	18037
2647	14935	3339
2648	124016	12739
2649	67546	9091
2650	26760	5184
2651	52419	4598
2652	19710	3665
2653	9677	2290
2654	12484	2829
2655	35352	5616
2656	152063	12472
2657	9296	2332
2658	11005	2643
2659	7424	1996
2660	81251	7201
2661	69893	5919
2662	49758	6815
2663	162381	10963
2664	136213	12253
2665	155618	10076
2666	121390	13083
2667	5161	1704
2668	18621	4139
2669	104288	10404
2670	115582	10972
2671	118551	9512
2672	83682	10004
2673	12341	3214
2674	184210	12735
2675	128435	10262
2676	129754	13115
2677	295959	12902
2678	64893	8778
2679	4526	1288
2680	48322	5839
2681	137944	9067
2682	167802	10642
2683	299726	11158
2684	117387	8066
2685	131011	7351
2686	130109	7976
2687	160739	10174
2688	120125	7108
2689	102389	6791
2690	149347	8327
2691	230841	10074
2692	31148	4009
2693	53555	5091
2694	267277	11074
2695	164761	8363
2696	63896	8166
2697	108078	7111
2698	21860	2935
2699	111136	6773
2700	133864	7948
2701	28527	3372
2702	45454	4637
2703	62969	5391
2704	141792	7961
2705	120071	6707
2706	197615	8901
2707	102318	6482
2708	146570	8793
2709	89872	6369
2710	248287	10155
2711	1879	585
2712	6840	1531
2713	5560	1295
2714	10713	2278
2715	21460	3939
2716	56798	6237
2717	11519	1960
2718	2844	953
2719	13243	2877
2720	37238	5015
2721	17583	3050
2722	32255	4419
2723	7800	1803
2724	3322	1100
2725	14740	1642
2726	10826	2446
2727	39763	4346
2728	14001	2661
2729	46305	5893
2730	6789	1402
2731	4516	834
2732	4351	972
2733	22357	3047
2734	71081	7638
2735	9418	2156
2736	11393	2053
2737	6594	1392
2738	21064	2334
2739	5390	1533
2740	78442	6994
2741	61018	6931
2742	53854	5920
2743	63464	6543
2744	166734	10750
2745	9417	1675
2746	15974	3580
2747	157340	10085
2748	79007	6502
2749	7301	1828
2750	65983	6048
2751	4354	1287
2752	38786	4283
2753	80500	7041
2754	115222	8322
2755	50934	5447
2756	42946	4745
2757	5477	1061
2758	6807	1708
2759	12354	2634
2760	18553	2148
2761	28810	4473
2762	58162	5469
2763	4104	1162
2764	7563	1462
2765	103276	10246
2766	35797	4055
2767	31024	4207
2768	6200	1257
2769	3902	1145
2770	106294	10527
2771	96799	7640
2772	100758	11245
2773	4561	1355
2774	10729	2263
2775	128704	10136
2776	187007	13711
2777	73752	8862
2778	89485	10163
2779	57837	5964
2780	27372	4426
2781	322021	17122
2782	10541	2154
2783	28335	4777
2784	41735	4634
2785	90301	6760
2786	97149	10218
2787	7212	1701
2788	55062	7427
2789	52856	7421
2790	4532	1191
2791	4020	1295
2792	3626	1242
2793	73170	7046
2794	12789	2466
2795	65063	8781
2796	8225	1427
2797	71854	5956
2798	5730	1727
2799	64858	6741
2800	4837	1093
2801	8471	1492
2802	42924	2918
2803	9632	1603
2804	78376	6068
2805	76268	6812
2806	117994	7821
2807	53627	5173
2808	12807	2213
2809	394600	18041
2810	116741	8131
2811	7174	1368
2812	119453	8008
2813	9961	1611
2814	129834	8120
2815	8124	1381
2816	3932	1014
2817	66771	5375
2818	10945	2377
2819	153210	10878
2820	74680	8813
2821	69133	6399
2822	110933	11847
2823	6297	1693
2824	60194	6167
2825	39293	3872
2826	87297	7239
2827	66029	6859
2828	82162	8292
2829	69089	7034
2830	64797	7286
2831	35936	4573
2832	182308	9548
2833	98412	8195
2834	90076	7270
2835	103095	9339
2836	96169	8452
2837	42414	4782
2838	210124	14511
2839	30205	3872
2840	178623	14062
2841	43194	4744
2842	48146	5016
2843	37255	4032
2844	45215	4931
2845	10785	2388
2846	39362	7642
2847	128266	9948
2848	157576	16456
2849	68479	7588
2850	16188	3678
2851	331586	19330
2852	5037	1740
2853	15240	3477
2854	59046	8334
2855	66581	7496
2856	65620	8808
2857	122750	12416
2858	9980	2634
2859	17959	3314
2860	64786	8995
2861	81233	9037
2862	18945	2921
2863	31109	5383
2864	190520	11481
2865	359843	17024
2866	50475	5071
2867	367767	18201
2868	118991	12595
2869	29824	4188
2870	17585	3618
2871	28763	4914
2872	358856	16506
2873	19673	2576
2874	306882	16028
2875	25729	3342
2876	4994	1019
2877	25007	2720
2878	32013	3319
2879	36568	3967
2880	260956	12205
2881	49955	5899
2882	58978	5010
2883	78414	6905
2884	71432	6599
2885	50687	7798
2886	74068	7336
2887	73136	6426
2888	75239	6933
2889	75872	6595
2890	28535	4481
2891	24623	3945
2892	14687	3135
2893	15769	3175
2894	98252	9489
2895	112610	9864
2896	116469	11817
2897	73880	8973
2898	473136	21114
2899	3879	1075
2900	65100	6350
2901	3723	1095
2902	4140	1237
2903	4598	979
2904	4365	1230
2905	3832	1076
2906	62174	6343
2907	4285	1106
2908	2959	1056
2909	4515	947
2910	4068	844
2911	4052	1111
2912	4807	962
2913	4020	815
2914	4009	1180
2915	41350	4278
2916	4442	939
2917	3795	1037
2918	44530	4414
2919	4082	979
2920	60190	6047
2921	4747	943
2922	4142	848
2923	3417	957
2924	3549	976
2925	3957	807
2926	3774	1046
2927	3977	1100
2928	3392	964
2929	3899	1113
2930	3611	917
2931	4088	851
2932	3912	1065
2933	4249	851
2934	3591	795
2935	4021	1075
2936	5169	961
2937	3634	965
2938	3710	857
2939	3566	846
2940	4091	1157
2941	4122	1147
2942	47303	4999
2943	3491	943
2944	3896	902
2945	68753	6601
2946	3636	1024
2947	48273	5310
2948	36331	3835
2949	4527	883
2950	60167	5334
2951	3975	806
2952	2706	840
2953	3706	765
2954	4339	874
2955	4139	856
2956	57615	5774
2957	3898	817
2958	48198	5340
2959	3904	904
2960	3945	1106
2961	4512	932
2962	46700	4371
2963	49512	4699
2964	3867	838
2965	3452	912
2966	4036	1198
2967	3624	939
2968	4913	1265
2969	4508	1181
2970	4110	1149
2971	4054	1189
2972	4117	1202
2973	4264	887
2974	4115	1076
2975	46290	5260
2976	3434	1000
2977	4412	912
2978	3982	1098
2979	4357	884
2980	4058	1021
2981	4403	909
2982	41899	5086
2983	4653	936
2984	4088	1187
2985	4627	953
2986	2941	949
2987	3503	964
2988	3815	781
2989	3720	780
2990	3246	882
2991	3901	1061
2992	4290	1138
2993	4486	888
2994	2497	839
2995	3829	851
2996	171352	12372
2997	166114	11308
2998	21824	4556
2999	16797	3185
3000	171521	10204
3001	28390	3224
3002	166941	10720
3003	192883	12575
3004	57413	6353
3005	169726	11422
3006	205969	12417
3007	140847	11647
3008	174509	11347
3009	101536	7824
3010	104999	7994
3011	105650	7735
3012	76794	6424
3013	129994	8691
3014	95531	7012
3015	74074	7600
3016	90175	7911
3017	119941	8727
3018	81237	7206
3019	72080	6814
3020	71121	7362
3021	124972	9236
3022	96010	7384
3023	119901	8405
3024	96184	7431
3025	98058	6982
3026	54344	5655
3027	72952	6228
3028	88742	7730
3029	126134	8739
3030	50535	5144
3031	55071	5256
3032	95996	7686
3033	79809	6910
3034	101913	6971
